,MAE,RMSE,R2_test
Baseline OLS,0.8727914551740452,1.4288501964807259,0.9583212787316655
Feature-Selected OLS,5.725285499999997,7.000412883537658,-0.0004336687369923542
Optimized Ridge,0.8733488890216222,1.4296960423130802,0.9582719184733638
Optimized Lasso,0.870374058567588,1.430519353292986,0.9582238452065461
